{
	"http_req_duration": {"type":"trend","contains":"time","values":{"max":33.145,"p(90)":1.5134,"p(95)":1.5605,"avg":1.098848784424519,"min":0,"med":1.0176}},
"http_req_waiting": {"type":"trend","contains":"time","values":{"max":33.145,"p(90)":1.3523,"p(95)":1.48795,"avg":0.963967330777768,"min":0,"med":1.0039}}
}