{
	"http_req_duration": {"type":"trend","contains":"time","values":{"med":0.8571,"max":5.3608,"p(90)":1.3497,"p(95)":1.4299,"avg":0.8217791716867545,"min":0}},
"http_req_waiting": {"type":"trend","contains":"time","values":{"p(90)":1.2256,"p(95)":1.3348,"avg":0.6965154969879529,"min":0,"med":0.7198,"max":4.8539}}
}