{
	"http_req_duration": {"type":"trend","contains":"time","values":{"med":0.667,"max":40.5556,"p(90)":1.1044,"p(95)":1.1705,"avg":0.6338986582914574,"min":0}},
"http_req_waiting": {"type":"trend","contains":"time","values":{"p(90)":1.0198,"p(95)":1.0935,"avg":0.5352540653266351,"min":0,"med":0.53775,"max":28.1932}}
}