{
	"http_req_duration": {"type":"trend","contains":"time","values":{"p(90)":15.94936,"p(95)":16.07911,"avg":3.7975299192327077,"min":0,"med":1.168,"max":124.8489}},
"http_req_waiting": {"values":{"avg":3.5121597375063356,"min":0,"med":0.55975,"max":123.0444,"p(90)":15.85274,"p(95)":16.0635},"type":"trend","contains":"time"}
}